documentId,fullName,age,gender,cityCode,address,phone,email
1057766518,"Rosa Ramírez",39,F,17001,"Transversal 14 #64-3",3184599598,rosa.ramirez@mail.com
8733278863,"María González",71,M,13001,"Calle 64 #33-12",3301382885,maria.gonzalez@mail.com
4711164096,"Hernán Alvarado",18,F,20001,"Diagonal 93 #41-35",3243683770,hernan.alvarado@mail.com
8243930455,"Daniel Hernández",74,F,08001,"Calle 16 #47-33",3363561125,daniel.hernandez@mail.com
1055900373,"Sebastián Gutiérrez",84,F,20001,"Calle 106 #35-31",3278262341,sebastian.gutierrez@mail.com
2660490193,"Natalia Torres",25,O,54001,"Avenida 127 #44-44",3737815853,natalia.torres@mail.com
2510257364,"Valentina Ramírez",74,F,41001,"Transversal 18 #22-14",3144320500,valentina.ramirez@mail.com
1972257309,"Nicolás Rodríguez",25,O,13001,"Carrera 47 #78-31",3882678414,nicolas.rodriguez@mail.com
5354941400,"Gloria Pérez",58,F,68001,"Avenida 13 #62-33",3620575469,gloria.perez@mail.com
1318725777,"Camilo Cruz",55,M,41001,"Calle 3 #74-7",3413608292,camilo.cruz@mail.com
2996329781,"Sofía Morales",45,M,13001,"Calle 76 #77-43",3994940092,sofia.morales@mail.com
6343332268,"Carolina Suárez",61,F,23001,"Calle 106 #46-31",3999227506,carolina.suarez@mail.com
3919236278,"Rosa Vargas",39,F,20001,"Transversal 130 #55-2",3231716914,rosa.vargas@mail.com
1571868981,"Santiago Torres",56,O,47001,"Calle 145 #12-33",3648380192,santiago.torres@mail.com
6275661626,"Juliana Rodríguez",80,O,15001,"Avenida 87 #44-12",3680727421,juliana.rodriguez@mail.com
8948885996,"Santiago Sánchez",84,F,18001,"Transversal 93 #65-23",3960434378,santiago.sanchez@mail.com
7506639413,"Sebastián Díaz",35,O,54001,"Diagonal 83 #15-29",3603040014,sebastian.diaz@mail.com
2139189544,"Catalina Martínez",20,O,18001,"Avenida 134 #51-19",3936390761,catalina.martinez@mail.com
3501227762,"Diana Ruiz",75,M,54001,"Avenida 94 #29-29",3922891806,diana.ruiz@mail.com
1774548263,"Laura Morales",19,O,41001,"Transversal 81 #66-46",3139336540,laura.morales@mail.com
7037048283,"Claudia Vargas",39,M,18001,"Carrera 47 #15-40",3249178431,claudia.vargas@mail.com
5518463749,"Camilo Díaz",38,F,05001,"Transversal 127 #63-28",3420312126,camilo.diaz@mail.com
6406994410,"Esteban Ortiz",57,M,41001,"Diagonal 37 #24-16",3441947338,esteban.ortiz@mail.com
9164135555,"Ana Castro",72,M,08001,"Carrera 94 #19-9",3316798151,ana.castro@mail.com
4925417056,"María Ramírez",38,M,20001,"Carrera 4 #14-17",3844180435,maria.ramirez@mail.com
2794101042,"Eduardo Rojas",57,F,15001,"Avenida 122 #43-24",3896741570,eduardo.rojas@mail.com
5197160577,"Catalina Sánchez",25,M,11001,"Transversal 113 #68-31",3235397242,catalina.sanchez@mail.com
2245383007,"Catalina Muñoz",36,M,41001,"Diagonal 94 #49-5",3782621818,catalina.muñoz@mail.com
5345591689,"Gabriela Pérez",18,O,52001,"Diagonal 54 #75-28",3403231511,gabriela.perez@mail.com
8974280699,"Paola López",50,O,52001,"Transversal 76 #92-10",3706270867,paola.lopez@mail.com
5801577580,"Paola Torres",21,O,17001,"Calle 107 #63-45",3313167465,paola.torres@mail.com
3603169825,"Natalia Hernández",37,M,76001,"Diagonal 136 #36-39",3439751448,natalia.hernandez@mail.com
2616265191,"Felipe González",30,F,15001,"Avenida 143 #6-11",3102993073,felipe.gonzalez@mail.com
2656047960,"Camilo Ramírez",73,O,11001,"Calle 25 #94-35",3488988808,camilo.ramirez@mail.com
5364118669,"Isabel Ramírez",53,F,13001,"Calle 35 #35-5",3482630424,isabel.ramirez@mail.com
8867119762,"Mateo Díaz",29,F,76036,"Avenida 132 #6-38",3977291133,mateo.diaz@mail.com
3796485369,"Pedro Ruiz",29,M,19001,"Transversal 2 #76-46",3984011723,pedro.ruiz@mail.com
1955951344,"Catalina García",26,M,13001,"Diagonal 34 #63-18",3467501767,catalina.garcia@mail.com
8161235799,"Isabel Silva",56,M,52001,"Carrera 53 #60-16",3914824008,isabel.silva@mail.com
5029173021,"Laura Ramírez",64,F,17001,"Carrera 126 #17-4",3949418039,laura.ramirez@mail.com
2422791843,"Juliana Silva",81,M,68001,"Avenida 12 #55-20",3813506253,juliana.silva@mail.com
8122975557,"Roberto Rodríguez",44,F,44001,"Carrera 64 #6-43",3607129785,roberto.rodriguez@mail.com
1540724958,"Juan Hernández",77,M,50001,"Transversal 111 #51-45",3839192940,juan.hernandez@mail.com
3148599927,"Esteban Medina",56,M,47001,"Transversal 94 #49-12",3570397224,esteban.medina@mail.com
4705670607,"Jorge Pérez",84,F,18001,"Calle 24 #24-3",3117145063,jorge.perez@mail.com
9719948642,"Andrea Alvarado",55,M,17001,"Avenida 92 #95-32",3384761315,andrea.alvarado@mail.com
3952226125,"Paola Pérez",22,O,52001,"Calle 104 #72-35",3877599361,paola.perez@mail.com
1518103187,"Fernando Flores",75,O,19001,"Transversal 47 #37-47",3879344055,fernando.flores@mail.com
5497434106,"Sebastián Castro",83,M,41001,"Calle 56 #10-21",3557876728,sebastian.castro@mail.com
3129258828,"Julián Gutiérrez",39,M,23001,"Transversal 144 #71-1",3306388554,julian.gutierrez@mail.com
8451547817,"Patricia Muñoz",42,O,68001,"Avenida 31 #31-47",3588482136,patricia.muñoz@mail.com
7101759149,"Santiago Suárez",40,F,44001,"Transversal 10 #13-32",3249160537,santiago.suarez@mail.com
8687255211,"Felipe Ramos",29,F,41001,"Carrera 82 #28-21",3882244569,felipe.ramos@mail.com
6842651683,"Mariana Silva",63,M,05001,"Transversal 112 #68-25",3441445589,mariana.silva@mail.com
1131931137,"Juliana Díaz",20,O,17001,"Carrera 89 #14-4",3846132103,juliana.diaz@mail.com
7596036039,"Martha González",51,F,68001,"Carrera 147 #48-44",3918251551,martha.gonzalez@mail.com
8218752597,"Eduardo Alvarado",54,M,15001,"Calle 98 #69-8",3462762747,eduardo.alvarado@mail.com
6309587581,"Sara González",49,O,76036,"Avenida 54 #32-22",3969020799,sara.gonzalez@mail.com
4209054979,"Sofía Díaz",42,O,50001,"Carrera 3 #96-3",3398977822,sofia.diaz@mail.com
2043773092,"Juan García",47,F,54001,"Transversal 26 #1-33",3429394416,juan.garcia@mail.com
8850699616,"Diana Martínez",47,F,47001,"Carrera 105 #6-17",3315734587,diana.martinez@mail.com
8624101342,"Natalia Castro",26,F,52001,"Diagonal 92 #4-26",3839183830,natalia.castro@mail.com
1786516857,"Claudia Torres",55,M,73001,"Transversal 47 #4-36",3897772409,claudia.torres@mail.com
1543224166,"Liliana Flores",59,M,76036,"Carrera 87 #92-48",3875291560,liliana.flores@mail.com
2337371488,"Martha Cruz",18,M,50001,"Avenida 20 #67-1",3385915915,martha.cruz@mail.com
1864090344,"Sofía Díaz",73,M,20001,"Diagonal 9 #40-42",3379770404,sofia.diaz@mail.com
2287949457,"Miguel Ruiz",45,M,52001,"Avenida 134 #73-47",3639046836,miguel.ruiz@mail.com
4528873618,"Jorge López",78,F,52001,"Transversal 40 #48-43",3187380540,jorge.lopez@mail.com
2007364309,"Sebastián Rodríguez",51,F,76001,"Diagonal 41 #19-8",3286338812,sebastian.rodriguez@mail.com
8577483567,"Eduardo Gutiérrez",24,M,76036,"Carrera 9 #77-6",3399051229,eduardo.gutierrez@mail.com
7654628614,"Catalina Torres",75,F,50001,"Calle 113 #37-7",3696858920,catalina.torres@mail.com
2135646156,"Carlos Gómez",45,O,05001,"Diagonal 87 #95-47",3124445069,carlos.gomez@mail.com
5817419884,"Martha Jiménez",55,O,08001,"Transversal 89 #61-40",3457307188,martha.jimenez@mail.com
4346874261,"Alejandro López",59,F,50001,"Carrera 64 #96-4",3406757173,alejandro.lopez@mail.com
5510442628,"Alejandro Morales",52,M,54001,"Calle 14 #96-14",3902681587,alejandro.morales@mail.com
8860372380,"Santiago Pérez",60,O,52001,"Transversal 25 #4-17",3349634236,santiago.perez@mail.com
3800094548,"Diana Vargas",35,F,76036,"Transversal 26 #49-21",3600445478,diana.vargas@mail.com
5455420175,"Germán Gómez",68,O,76036,"Diagonal 23 #77-8",3859011612,german.gomez@mail.com
3402334743,"Juliana Ramírez",31,O,68001,"Diagonal 89 #20-22",3377365642,juliana.ramirez@mail.com
8108919921,"Isabel Torres",68,O,19001,"Calle 81 #87-22",3345917154,isabel.torres@mail.com
5783538769,"Diana Flores",21,F,13001,"Diagonal 112 #32-33",3505452082,diana.flores@mail.com
1197989511,"Valentina Sánchez",46,M,52001,"Transversal 11 #8-4",3945222163,valentina.sanchez@mail.com
5516616079,"Laura Torres",76,O,76001,"Avenida 107 #91-20",3324892485,laura.torres@mail.com
7664815088,"Patricia Mendez",67,F,08001,"Transversal 27 #58-47",3576434720,patricia.mendez@mail.com
2645619691,"Diana Rojas",63,M,41001,"Carrera 72 #90-9",3158312106,diana.rojas@mail.com
9825781212,"Fernando Ramos",56,O,08001,"Transversal 34 #65-19",3789855922,fernando.ramos@mail.com
8480548989,"Sebastián Castro",38,F,73001,"Diagonal 94 #2-41",3701581857,sebastian.castro@mail.com
9031272362,"Carlos Rodríguez",46,O,54001,"Avenida 32 #60-34",3747946859,carlos.rodriguez@mail.com
7953609406,"Isabel Ramos",81,F,20001,"Diagonal 120 #75-4",3122124672,isabel.ramos@mail.com
5168387977,"Camilo Reyes",65,M,20001,"Diagonal 126 #72-14",3554891957,camilo.reyes@mail.com
2502191867,"Roberto Suárez",29,O,18001,"Avenida 65 #26-20",3386221498,roberto.suarez@mail.com
5220904487,"Sara Rojas",24,M,50001,"Avenida 91 #3-8",3734550174,sara.rojas@mail.com
4031736932,"Jorge Rodríguez",78,F,76036,"Diagonal 63 #86-26",3791203822,jorge.rodriguez@mail.com
3412171405,"Andrés Flores",71,O,54001,"Calle 73 #71-35",3588553955,andres.flores@mail.com
4543798962,"Sebastián Ortiz",28,O,05001,"Transversal 132 #42-35",3357792309,sebastian.ortiz@mail.com
9779701080,"Alejandro García",74,M,73001,"Carrera 32 #75-22",3550664210,alejandro.garcia@mail.com
6625770948,"Diana Ramírez",24,M,47001,"Avenida 93 #26-34",3941230580,diana.ramirez@mail.com
9715861518,"Paula Jiménez",36,O,76036,"Diagonal 98 #83-6",3603094076,paula.jimenez@mail.com
5962878925,"Tomás Torres",58,M,50001,"Calle 69 #80-16",3865521171,tomas.torres@mail.com
1433185277,"Sara Vargas",32,F,11001,"Calle 74 #77-40",3503939966,sara.vargas@mail.com
2922042189,"Catalina Flores",58,F,08001,"Diagonal 120 #56-49",3324888778,catalina.flores@mail.com
1277400179,"Andrea Cruz",79,O,47001,"Diagonal 30 #79-12",3467724907,andrea.cruz@mail.com
4113264703,"Claudia Morales",47,O,05001,"Diagonal 30 #14-17",3293278251,claudia.morales@mail.com
5249096475,"Juan Jiménez",54,F,15001,"Transversal 122 #92-37",3514659778,juan.jimenez@mail.com
6578828268,"Sara Gómez",52,O,23001,"Transversal 109 #87-17",3889495184,sara.gomez@mail.com
3699495628,"Juliana Gutiérrez",52,O,73001,"Carrera 122 #84-37",3608874033,juliana.gutierrez@mail.com
4384384962,"Esteban Pérez",80,O,68001,"Carrera 48 #67-38",3257054066,esteban.perez@mail.com
7265231674,"Carolina Gómez",45,F,76001,"Carrera 44 #20-17",3101969524,carolina.gomez@mail.com
3890726912,"Laura Gutiérrez",32,F,15001,"Carrera 118 #36-4",3289907870,laura.gutierrez@mail.com
6214322606,"Esteban González",73,F,17001,"Transversal 137 #91-15",3117230713,esteban.gonzalez@mail.com
6063657589,"Camilo Alvarado",82,F,13001,"Avenida 75 #84-46",3751736689,camilo.alvarado@mail.com
9467590205,"Patricia Mendez",25,M,44001,"Diagonal 114 #52-8",3121024862,patricia.mendez@mail.com
7938011711,"Sergio López",84,F,41001,"Avenida 19 #50-27",3472930661,sergio.lopez@mail.com
6899873376,"Fernando Martínez",21,O,15001,"Carrera 103 #64-3",3149276341,fernando.martinez@mail.com
8466038165,"Germán Mendez",53,M,76001,"Carrera 44 #80-11",3696489059,german.mendez@mail.com
8488594163,"Santiago González",77,F,73001,"Calle 22 #9-38",3902424067,santiago.gonzalez@mail.com
8738593256,"Pablo Reyes",81,M,13001,"Diagonal 26 #58-43",3880119792,pablo.reyes@mail.com
5447002474,"Lucía Gutiérrez",67,F,17001,"Carrera 82 #90-32",3807486506,lucia.gutierrez@mail.com
4499577393,"Sara Medina",30,M,05001,"Carrera 80 #44-38",3949302083,sara.medina@mail.com
5601712240,"Mariana Ramos",20,O,47001,"Avenida 85 #23-21",3225355969,mariana.ramos@mail.com
2373086981,"Gabriela Pérez",53,M,05001,"Carrera 25 #36-17",3199312047,gabriela.perez@mail.com
8700967397,"Esteban Martínez",78,F,68001,"Calle 109 #83-32",3907620444,esteban.martinez@mail.com
5912068297,"Julián García",76,O,73001,"Diagonal 35 #87-15",3887790211,julian.garcia@mail.com
1829006289,"Laura Gutiérrez",54,O,73001,"Carrera 117 #67-28",3479987974,laura.gutierrez@mail.com
8106193881,"Sara Gutiérrez",28,M,76036,"Calle 94 #48-31",3413435509,sara.gutierrez@mail.com
4296395970,"Alejandro Morales",80,O,15001,"Transversal 61 #64-23",3188962786,alejandro.morales@mail.com
3666702480,"Paola Cruz",23,M,20001,"Transversal 101 #59-15",3910136515,paola.cruz@mail.com
5235439947,"Hernán Sánchez",48,M,41001,"Calle 86 #19-29",3239087820,hernan.sanchez@mail.com
5827903406,"Liliana Morales",64,F,68001,"Transversal 56 #94-48",3123125282,liliana.morales@mail.com
2027026672,"Sebastián Díaz",34,O,50001,"Transversal 27 #57-29",3959118405,sebastian.diaz@mail.com
9722857591,"Alejandro Rodríguez",24,F,19001,"Calle 132 #96-28",3193532868,alejandro.rodriguez@mail.com
1523540902,"Sebastián Jiménez",32,M,11001,"Calle 13 #36-43",3764186816,sebastian.jimenez@mail.com
5672844432,"Paola Rojas",19,O,44001,"Diagonal 84 #41-49",3664586136,paola.rojas@mail.com
6940200429,"Gloria Morales",83,F,44001,"Transversal 54 #96-23",3554642692,gloria.morales@mail.com
9037156832,"Nicolás Gómez",47,F,19001,"Avenida 19 #77-20",3385827331,nicolas.gomez@mail.com
7309550236,"Rosa Pérez",62,M,52001,"Diagonal 131 #23-18",3250288361,rosa.perez@mail.com
5740630654,"Jorge López",39,O,73001,"Diagonal 138 #75-31",3782864893,jorge.lopez@mail.com
3605620863,"Rosa Gómez",82,F,76001,"Carrera 113 #50-2",3439342729,rosa.gomez@mail.com
4503544174,"Sergio Silva",19,O,68001,"Transversal 39 #65-44",3911463227,sergio.silva@mail.com
9203386740,"Alejandro González",78,F,68001,"Carrera 118 #52-45",3311976669,alejandro.gonzalez@mail.com
7687728626,"Paula García",73,F,13001,"Carrera 147 #89-17",3751866681,paula.garcia@mail.com
3191621558,"Julián Jiménez",84,O,68001,"Avenida 90 #9-8",3713609945,julian.jimenez@mail.com
8750970339,"Patricia García",24,O,17001,"Diagonal 137 #3-44",3274828130,patricia.garcia@mail.com
1966680971,"Valentina González",57,M,73001,"Diagonal 5 #78-44",3278124111,valentina.gonzalez@mail.com
4582679528,"Martha García",65,O,44001,"Calle 14 #33-42",3275877643,martha.garcia@mail.com
1187071911,"Tomás Martínez",51,M,76036,"Carrera 121 #20-10",3250160029,tomas.martinez@mail.com
4450271920,"Claudia Mendez",43,M,20001,"Diagonal 146 #50-2",3778710704,claudia.mendez@mail.com
5456204566,"Juliana Ruiz",57,F,18001,"Diagonal 73 #30-16",3624472450,juliana.ruiz@mail.com
7899369557,"Alejandro Ramírez",69,O,68001,"Diagonal 60 #10-32",3374457909,alejandro.ramirez@mail.com
1929910478,"Gloria García",45,O,44001,"Carrera 6 #12-39",3816883086,gloria.garcia@mail.com
2712227461,"Alejandro López",21,M,47001,"Transversal 59 #56-18",3377641759,alejandro.lopez@mail.com
9838216815,"Hernán Ortiz",74,M,68001,"Avenida 77 #88-3",3408529739,hernan.ortiz@mail.com
6163683727,"Mónica Ruiz",26,M,23001,"Transversal 12 #89-31",3557829913,monica.ruiz@mail.com
9044658941,"Fernando Ramírez",51,O,05001,"Transversal 125 #43-41",3779489477,fernando.ramirez@mail.com
6045701363,"Isabel González",78,O,76036,"Transversal 147 #57-24",3587572197,isabel.gonzalez@mail.com
2601677158,"Natalia Mendez",26,M,05001,"Carrera 94 #30-16",3350071510,natalia.mendez@mail.com
9117193893,"Gabriela García",84,F,52001,"Avenida 148 #15-30",3571061385,gabriela.garcia@mail.com
6404382639,"Liliana Muñoz",19,O,08001,"Diagonal 15 #14-39",3815978664,liliana.muñoz@mail.com
2106793248,"Ana Silva",28,F,76036,"Diagonal 3 #1-32",3572150892,ana.silva@mail.com
1874631813,"Andrea Morales",79,O,17001,"Calle 45 #79-13",3215422616,andrea.morales@mail.com
7329299325,"Andrés Vargas",39,M,47001,"Avenida 109 #60-31",3142260521,andres.vargas@mail.com
3949047132,"Roberto Díaz",44,F,47001,"Avenida 124 #64-33",3549946019,roberto.diaz@mail.com
7842378294,"Nicolás Silva",52,O,68001,"Carrera 75 #8-19",3186617431,nicolas.silva@mail.com
1072154784,"Sergio Mendez",66,M,73001,"Calle 124 #59-5",3748233719,sergio.mendez@mail.com
5152427516,"Mateo Jiménez",70,M,23001,"Avenida 145 #26-10",3734610360,mateo.jimenez@mail.com
5078138298,"Liliana Cruz",59,M,08001,"Avenida 6 #4-47",3287066799,liliana.cruz@mail.com
5544652096,"Fernando Rodríguez",18,M,76036,"Carrera 89 #90-32",3699025250,fernando.rodriguez@mail.com
1413387954,"Carlos Reyes",63,F,52001,"Transversal 4 #96-29",3475126083,carlos.reyes@mail.com
7280760670,"Mariana Rojas",55,O,11001,"Diagonal 26 #33-30",3196805670,mariana.rojas@mail.com
6402088167,"Diana Flores",33,F,20001,"Diagonal 41 #44-13",3429685430,diana.flores@mail.com
6653505737,"Daniel Muñoz",32,F,15001,"Transversal 14 #94-46",3657937113,daniel.muñoz@mail.com
6324138260,"Sebastián Díaz",34,M,19001,"Transversal 118 #94-18",3563914884,sebastian.diaz@mail.com
5622344130,"Ana Díaz",68,F,76036,"Avenida 41 #51-15",3464174573,ana.diaz@mail.com
3626378831,"Mónica Ramírez",39,M,18001,"Diagonal 125 #13-16",3702143349,monica.ramirez@mail.com
4556352270,"Mariana Vargas",62,O,41001,"Diagonal 71 #38-38",3120607142,mariana.vargas@mail.com
3571402949,"Claudia Cruz",54,O,68001,"Transversal 107 #11-39",3446350589,claudia.cruz@mail.com
7095273813,"Gabriela González",58,M,08001,"Calle 143 #29-25",3650306515,gabriela.gonzalez@mail.com
8001441660,"Andrés Ramos",62,F,68001,"Diagonal 79 #2-6",3752551379,andres.ramos@mail.com
3762070500,"Esteban Rojas",30,O,73001,"Diagonal 76 #35-10",3877626860,esteban.rojas@mail.com
4064936317,"Pablo Ramírez",28,O,08001,"Diagonal 14 #8-18",3854452118,pablo.ramirez@mail.com
4794780067,"Andrés López",59,M,47001,"Carrera 57 #28-23",3409799627,andres.lopez@mail.com
5672767317,"Diana Alvarado",71,O,17001,"Diagonal 89 #13-28",3504148174,diana.alvarado@mail.com
8069631921,"Carlos Medina",60,M,05001,"Transversal 99 #71-3",3916484534,carlos.medina@mail.com
8443739649,"Mariana Cruz",56,F,17001,"Avenida 55 #37-5",3464643965,mariana.cruz@mail.com
8135722590,"Hernán Alvarado",44,M,76001,"Diagonal 131 #98-20",3634177119,hernan.alvarado@mail.com
8323174168,"Mónica Muñoz",20,O,44001,"Diagonal 121 #13-11",3388828027,monica.muñoz@mail.com
9954873268,"Carolina Pérez",36,O,50001,"Avenida 130 #22-19",3936914837,carolina.perez@mail.com
1368295663,"Martha Silva",23,F,47001,"Avenida 41 #7-22",3348866700,martha.silva@mail.com
6340819397,"Miguel Morales",70,M,08001,"Diagonal 85 #80-47",3551745937,miguel.morales@mail.com
1930016769,"Natalia González",47,F,52001,"Transversal 85 #76-4",3622433943,natalia.gonzalez@mail.com
1298576921,"Jorge Ramírez",26,M,17001,"Carrera 31 #92-24",3156045874,jorge.ramirez@mail.com
9727847006,"María Hernández",69,F,05001,"Carrera 25 #96-18",3109472138,maria.hernandez@mail.com
5902490305,"Juliana Muñoz",79,O,76001,"Carrera 84 #69-48",3617532138,juliana.muñoz@mail.com
5978634171,"Sofía López",65,F,13001,"Diagonal 114 #67-21",3875386105,sofia.lopez@mail.com
9822930384,"Miguel Gutiérrez",84,O,19001,"Calle 66 #89-7",3601564281,miguel.gutierrez@mail.com
3264709418,"Eduardo Gutiérrez",83,F,44001,"Avenida 55 #98-15",3469779052,eduardo.gutierrez@mail.com
5505250717,"Valentina Suárez",26,M,15001,"Calle 146 #36-47",3638561255,valentina.suarez@mail.com
4279675542,"Valentina Sánchez",56,M,54001,"Carrera 67 #69-43",3986471857,valentina.sanchez@mail.com
3675706795,"Diana Ramírez",53,O,50001,"Avenida 33 #84-31",3815352458,diana.ramirez@mail.com
8510617781,"Martha Reyes",19,M,20001,"Diagonal 79 #87-2",3404367363,martha.reyes@mail.com
7386453809,"Natalia Jiménez",49,F,54001,"Transversal 30 #91-48",3942799767,natalia.jimenez@mail.com
5887588257,"Julián Muñoz",25,O,54001,"Diagonal 40 #15-26",3514814105,julian.muñoz@mail.com
2829857479,"Paula García",83,M,08001,"Avenida 39 #5-18",3961250512,paula.garcia@mail.com
4126823939,"Catalina Martínez",42,M,50001,"Avenida 67 #38-36",3558712967,catalina.martinez@mail.com
3233674426,"Mariana Reyes",60,O,13001,"Carrera 60 #57-1",3534474813,mariana.reyes@mail.com
6048832854,"Claudia Rodríguez",20,M,50001,"Carrera 146 #21-36",3939453063,claudia.rodriguez@mail.com
3111940566,"Andrés Hernández",67,O,76001,"Calle 34 #90-47",3245959600,andres.hernandez@mail.com
9413274268,"Hernán Rojas",69,F,68001,"Carrera 91 #1-38",3812984593,hernan.rojas@mail.com
3675520533,"Ana García",61,M,23001,"Transversal 91 #13-3",3442142174,ana.garcia@mail.com
1689639295,"Camilo Reyes",46,M,20001,"Avenida 39 #78-19",3242154365,camilo.reyes@mail.com
